지점,지점명,일시,평균기온(°C),평균상대습도(%),월합강수량(00~24h만)(mm),합계 일사량(MJ/m2)
105,강릉,2000-01,.8,58,66.3,133.7
105,강릉,2000-02,.9,39,3.3,224.6
105,강릉,2000-03,8.1,41,15.9,271.7
105,강릉,2000-04,12.6,50,37.1,370.51
105,강릉,2000-05,17,70,47.6,467.54
105,강릉,2000-06,21.7,69,114.3,484.07
105,강릉,2000-07,27.2,67,86.4,496.06
105,강릉,2000-08,25.4,79,214.1,383.11
105,강릉,2000-09,19.7,76,407.7,340.08
105,강릉,2000-10,15.5,64,13.8,321.42
105,강릉,2000-11,8.6,54,97.1,240.8
105,강릉,2000-12,4.1,42,5.6,245.51
105,강릉,2001-01,-1.3,48,101,257.59
105,강릉,2001-02,2.1,52,97.6,301.06
105,강릉,2001-03,6.5,47,25.5,450.59
105,강릉,2001-04,14,44,18.9,514.84
105,강릉,2001-05,18.8,56,25.4,484.22
105,강릉,2001-06,22.1,67,121.3,416.75
105,강릉,2001-07,26.5,67,122.9,471.48
105,강릉,2001-08,24.6,74,81.2,466.68
105,강릉,2001-09,20,70,273.2,364.88
105,강릉,2001-10,16.3,65,195.1,320.98
105,강릉,2001-11,8.9,46,34.4,279.07
105,강릉,2001-12,2.1,38,21.1,251.82
105,강릉,2002-01,1.5,53,78,261.16
105,강릉,2002-02,4.8,37,0,333.85
105,강릉,2002-03,9.7,43,25.6,441.73
105,강릉,2002-04,14.3,45,50.5,524.67
105,강릉,2002-05,17.1,62,78.8,560.32
105,강릉,2002-06,21.3,63,33.3,549.85
105,강릉,2002-07,23.6,76,224.7,372.85
105,강릉,2002-08,23.4,78,1137,345.73
105,강릉,2002-09,19.5,73,128.5,378.55
105,강릉,2002-10,14,55,180,386
105,강릉,2002-11,6.3,41,.4,323.27
105,강릉,2002-12,2.6,60,129.4,218.19
105,강릉,2003-01,-.4,50,60.2,294.42
105,강릉,2003-02,2.7,65,90.7,281.21
105,강릉,2003-03,5.9,61,81,404.94
105,강릉,2003-04,12.8,62,200,456.51
105,강릉,2003-05,16.2,73,149.8,501.96
105,강릉,2003-06,21.2,69,157.3,495.08
105,강릉,2003-07,21.4,82,223.1,389.89
105,강릉,2003-08,23.2,78,284.3,389.95
105,강릉,2003-09,20,77,532,348.89
105,강릉,2003-10,14.8,52,58.5,415.2
105,강릉,2003-11,10.6,62,251.5,224.16
105,강릉,2003-12,3.8,39,7,298.95
105,강릉,2004-01,.9,39,12.1,330.3
105,강릉,2004-02,4.5,39,12.9,404.37
105,강릉,2004-03,7.9,38,7.6,535.18
105,강릉,2004-04,14.7,42,163.6,554.85
105,강릉,2004-05,18.2,57,54.1,577.5
105,강릉,2004-06,22,61,224.5,572.74
105,강릉,2004-07,24.5,73,404.1,433.09
105,강릉,2004-08,23.6,78,503.4,416.05
105,강릉,2004-09,20.6,75,181.4,372.02
105,강릉,2004-10,15.5,59,18.9,397.03
105,강릉,2004-11,11.4,51,9.9,291.57
105,강릉,2004-12,5.2,43,11.8,259.61
105,강릉,2005-01,.5,39,32.5,309.98
105,강릉,2005-02,-.1,44,80.3,331.04
105,강릉,2005-03,5.1,50,80.8,491.13
105,강릉,2005-04,13.9,47,39.6,578.79
105,강릉,2005-05,16.1,60,58.7,591.55
105,강릉,2005-06,22.8,65,193.3,542.73
105,강릉,2005-07,25.3,73,218.7,502.2
105,강릉,2005-08,25.9,70,201,492.1
105,강릉,2005-09,20.5,77,557.5,341.23
105,강릉,2005-10,15.4,62,182.4,365.75
105,강릉,2005-11,10.5,43,8.5,318.37
105,강릉,2005-12,-.6,32,.1,294.35
105,강릉,2006-01,1.2,51,42.1,253.72
105,강릉,2006-02,2.5,45,9.7,337.87
105,강릉,2006-03,7.1,39,9.1,490.8
105,강릉,2006-04,11,56,103.9,438.28
105,강릉,2006-05,16.9,62,98.6,535.01
105,강릉,2006-06,20.2,70,77.1,501.6
105,강릉,2006-07,21.9,81,757.3,290.39
105,강릉,2006-08,26.3,71,204.1,500.64
105,강릉,2006-09,19.5,70,88.3,436.78
105,강릉,2006-10,17.8,64,341.2,339.48
105,강릉,2006-11,9.3,54,96.7,244.43
105,강릉,2006-12,3.7,47,24.6,257.52
105,강릉,2007-01,2.8,48,17,271.5
105,강릉,2007-02,5.5,52,19.1,307.41
105,강릉,2007-03,7,57,96,416.06
105,강릉,2007-04,12.2,54,44.5,474.79
105,강릉,2007-05,18.3,58,111.5,590.12
105,강릉,2007-06,21.5,67,44.4,567.76
105,강릉,2007-07,22.7,81,311.2,399.22
105,강릉,2007-08,26.4,73,158.9,422.18
105,강릉,2007-09,20.8,80,503.3,263.19
105,강릉,2007-10,15.6,65,73.6,338.87
105,강릉,2007-11,9.1,51,60.6,288
105,강릉,2007-12,4.4,46,1.5,249.41
105,강릉,2008-01,1.1,52,82.6,251.48
105,강릉,2008-02,2,35,0,385.99
105,강릉,2008-03,7.5,59,117.3,401.01
105,강릉,2008-04,13.8,54,34.2,524.67
105,강릉,2008-05,18.8,55,69.3,583.43
105,강릉,2008-06,19.8,72,106.7,497.65
105,강릉,2008-07,26.7,69,322.7,514.72
105,강릉,2008-08,24,78,330.6,513.69
105,강릉,2008-09,21.8,71,131.7,447.81
105,강릉,2008-10,18.3,59,43.9,379.37
105,강릉,2008-11,10.2,50,49.1,269.41
105,강릉,2008-12,4.1,44,54.6,259.03
105,강릉,2009-01,1.2,39,24,297.2
105,강릉,2009-02,5.4,51,20.6,288.8
105,강릉,2009-03,7.3,53,70.9,438.6
105,강릉,2009-04,13.1,51,56,568.4
105,강릉,2009-05,19,57,43,581.13
105,강릉,2009-06,21.6,68,102.6,521.12
105,강릉,2009-07,22.8,80,405.1,500.46
105,강릉,2009-08,23.3,77,170.2,440.75
105,강릉,2009-09,20.2,72,50.3,443.27
105,강릉,2009-10,16.4,57,31.2,412.82
105,강릉,2009-11,8.4,61,191.6,214.41
105,강릉,2009-12,2.1,47,17.5,242.96
105,강릉,2010-01,-.1,48,35.6,275.92
105,강릉,2010-02,2.4,60,94.7,272.99
105,강릉,2010-03,4,69,172.5,322.68
105,강릉,2010-04,10.1,54,28.4,496.93
105,강릉,2010-05,17.4,60,110,579.73
105,강릉,2010-06,22,67,34.7,654.64
105,강릉,2010-07,25.8,74,88.5,486.42
105,강릉,2010-08,26.5,79,175.4,381.85
105,강릉,2010-09,20.7,76,271,378.81
105,강릉,2010-10,14.9,69,53.5,359.74
105,강릉,2010-11,9.4,43,12.5,327.5
105,강릉,2010-12,2.9,42,26,265.15
105,강릉,2011-01,-2.8,38,13,323.41
105,강릉,2011-02,2.5,62,144,294.18
105,강릉,2011-03,5.5,46,26.5,501.68
105,강릉,2011-04,11.7,53,133,498.13
105,강릉,2011-05,16,66,88,472.12
105,강릉,2011-06,22,65,343,574.98
105,강릉,2011-07,23.4,82,318.2,350.5
105,강릉,2011-08,25.3,75,121.2,455.54
105,강릉,2011-09,20.2,71,320.9,384.38
105,강릉,2011-10,14.8,59,64.8,380.89
105,강릉,2011-11,11.2,62,132.9,222.42
105,강릉,2011-12,1.5,47,105,258.92
105,강릉,2012-01,-.1,47,39,290.92
105,강릉,2012-02,.4,42,23.1,375.33
105,강릉,2012-03,5.7,56,126.7,416.16
105,강릉,2012-04,13.3,53,126.5,550.3
105,강릉,2012-05,17.6,62,52.7,576.84
105,강릉,2012-06,20.6,75,26.8,465.73
105,강릉,2012-07,25.3,71,261.2,532.75
105,강릉,2012-08,25.1,80,295.3,342.37
105,강릉,2012-09,20.2,72,290.7,441.77
105,강릉,2012-10,15.8,56,10.6,420.58
105,강릉,2012-11,7.8,49,25.6,305.58
105,강릉,2012-12,-.1,44,43.2,254.81
105,강릉,2013-01,-.5,48,54.6,288.83
105,강릉,2013-02,1.8,43,13.6,369.2
105,강릉,2013-03,7.4,50,81.8,504.59
105,강릉,2013-04,10.8,51,58,536.79
105,강릉,2013-05,18.1,61,78.7,621.98
105,강릉,2013-06,21.5,74,36,526.27
105,강릉,2013-07,27,70,241.9,460.92
105,강릉,2013-08,28.5,61,54.6,577.16
105,강릉,2013-09,20.8,72,135.5,363.33
105,강릉,2013-10,15.8,64,130.8,309.4
105,강릉,2013-11,8.8,44,9.8,200.56
105,강릉,2013-12,3.1,46,26.4,162.31
105,강릉,2014-01,2.3,43,46,91.56
105,강릉,2014-02,1.3,71,168.9,59.76
105,강릉,2014-03,8.3,50,55.3,259.42
105,강릉,2014-04,14.1,52,189.3,490.24
105,강릉,2014-05,20,46,9.9,699.47
105,강릉,2014-06,20.9,74,55.7,432.33
105,강릉,2014-07,26.1,64,109.5,588.41
105,강릉,2014-08,23.7,77,336.9,388.58
105,강릉,2014-09,20.9,71,212.1,425.92
105,강릉,2014-10,15.9,58,120.2,367.14
105,강릉,2014-11,10.5,52,84.5,261.02
105,강릉,2014-12,1.1,33,.4,283.53
105,강릉,2015-01,2.2,46,20.4,267.04
105,강릉,2015-02,3.1,50,13.1,329.84
105,강릉,2015-03,8.2,38,22.1,560.94
105,강릉,2015-04,12.1,57,76.8,480.98
105,강릉,2015-05,20,46,3.1,710.79
105,강릉,2015-06,21,65,175,552.01
105,강릉,2015-07,23.8,70,62.9,517.62
105,강릉,2015-08,25.8,69,224.8,577.22
105,강릉,2015-09,20.2,69,70,470.13
105,강릉,2015-10,16,53,21,439.25
105,강릉,2015-11,9.9,69,348.9,175.34
105,강릉,2015-12,4.9,48,9.3,235.86
105,강릉,2016-01,.4,37,27.4,315.74
105,강릉,2016-02,1.9,47,48.5,357.06
105,강릉,2016-03,7.9,49,29.3,440.53
105,강릉,2016-04,14.1,52,73,567.36
105,강릉,2016-05,19.3,49,33.6,715.68
105,강릉,2016-06,21.9,66,40.7,581.91
105,강릉,2016-07,24.1,74,424.2,474.47
105,강릉,2016-08,25.8,70,282.6,573.78
105,강릉,2016-09,20.6,76,104.8,340.44
105,강릉,2016-10,15.6,67,78.1,304.15
105,강릉,2016-11,9.1,53,33.5,280.78
105,강릉,2016-12,5,49,82.5,242.19
105,강릉,2017-01,1.5,43,48.5,306.88
105,강릉,2017-02,3.5,38,3.5,375.38
105,강릉,2017-03,7.1,49,48.5,438.34
105,강릉,2017-04,15.4,44,39.8,617.31
105,강릉,2017-05,20.3,47,25,703.85
105,강릉,2017-06,21.2,62,27.2,684.74
105,강릉,2017-07,26.8,68,238.1,511.43
105,강릉,2017-08,24.3,75,444.1,418.45
105,강릉,2017-09,21.3,61,45.7,535.15
105,강릉,2017-10,15.2,67,114.5,307.39
105,강릉,2017-11,9,38,41.5,312.47
105,강릉,2017-12,1.5,34,5.5,301.45
105,강릉,2018-01,-.2,32,2.5,321.75
105,강릉,2018-02,.5,38,52,376.58
105,강릉,2018-03,9.2,51,94,459.2
105,강릉,2018-04,14.5,48,151.4,567.54
105,강릉,2018-05,17.3,67,162.9,572.89
105,강릉,2018-06,23.2,61,38.6,650.56
105,강릉,2018-07,26.8,72,195.5,609.99
105,강릉,2018-08,26.2,77,419.1,496.61
105,강릉,2018-09,20,72,161.2,439.54
105,강릉,2018-10,14.1,57,248,423.87
105,강릉,2018-11,10,53,51.3,276.35
105,강릉,2018-12,2.7,41,22.9,282.61
105,강릉,2019-01,2.8,34,16.6,316.03
105,강릉,2019-02,3.8,44,17.7,361.66
105,강릉,2019-03,8.9,47,49.6,491.78
105,강릉,2019-04,12.6,51,85.5,552.75
105,강릉,2019-05,21,44,4.5,742.51
105,강릉,2019-06,21.4,69,132.2,628.67
105,강릉,2019-07,25.8,71,220.8,556.37
105,강릉,2019-08,26.5,72,264.5,558.62
105,강릉,2019-09,21.5,76,233.3,377.37
105,강릉,2019-10,16.6,67,536,337.54
105,강릉,2019-11,10.2,56,104.7,278.85
105,강릉,2019-12,5.3,47,5.1,257.6
105,강릉,2020-01,4.4,56,107.5,238.15
105,강릉,2020-02,5,53,77.5,344.96
105,강릉,2020-03,8.7,56,47.1,520.09
105,강릉,2020-04,11.8,51,65.6,570.37
105,강릉,2020-05,18.3,65,95.5,618.57
105,강릉,2020-06,24.1,67,270.4,620.74
105,강릉,2020-07,22.4,83,375.9,453.47
105,강릉,2020-08,27,77,150.4,388.74
105,강릉,2020-09,20.6,75,613.8,390.85
105,강릉,2020-10,15.1,60,.6,407.19
105,강릉,2020-11,11,48,7.7,306.12
105,강릉,2020-12,3,40,.9,292.52
105,강릉,2021-01,.6,46,11.4,296.02
105,강릉,2021-02,4.9,50,5.1,366.73
105,강릉,2021-03,9.7,60,122,461.98
105,강릉,2021-04,13.8,56,108.1,571.24
105,강릉,2021-05,17.9,60,157.5,580.52
105,강릉,2021-06,22,73,32.5,552.76
105,강릉,2021-07,26.7,77,142.2,661.09
105,강릉,2021-08,25.5,77,438.1,367.38
105,강릉,2021-09,21.7,77,111.6,404.96
105,강릉,2021-10,16.5,70,130.9,328.63
105,강릉,2021-11,11.1,52,13.1,303.6
105,강릉,2021-12,4.4,48,43.9,286.04
105,강릉,2022-01,1.5,47,7.4,316.46
105,강릉,2022-02,2,39,1.2,407.82
105,강릉,2022-03,9,57,102.9,436.39
105,강릉,2022-04,16.1,50,68.8,608.19
105,강릉,2022-05,20.3,48,5.8,686.93
105,강릉,2022-06,23.6,71,186,521.63
105,강릉,2022-07,26.3,80,227.9,501.77
105,강릉,2022-08,26.6,75,307.5,412.6
105,강릉,2022-09,21.8,73,202.5,490.88
105,강릉,2022-10,15.3,70,293.2,357.53
105,강릉,2022-11,12.7,55,62.3,271.9
105,강릉,2022-12,1.5,41,,204.7
105,강릉,2023-01,2.4,44,77.9,292.78
105,강릉,2023-02,5.2,54,38.5,301.86
105,강릉,2023-03,12.1,50,8.8,455.52
105,강릉,2023-04,15.3,54,33.4,525.25
105,강릉,2023-05,20.3,59,91.1,587.65
105,강릉,2023-06,23.2,66,160,605.53
105,강릉,2023-07,27.5,72,104.7,504.59
105,강릉,2023-08,26.2,80,520.8,432.89
105,강릉,2023-09,22.4,80,236.8,377.35
105,강릉,2023-10,17,59,26.1,387.14
105,강릉,2023-11,10.5,48,41,303.29
105,강릉,2023-12,3.6,56,229.2,237.24
105,강릉,2024-01,2.2,54,46.8,275.84
105,강릉,2024-02,3.6,75,175.3,204.83
105,강릉,2024-03,7,58,66,440.45
105,강릉,2024-04,15.8,60,41.9,504.13
105,강릉,2024-05,19.5,56,76.8,649.98
105,강릉,2024-06,24.3,65,93.8,618.53
105,강릉,2024-07,27.9,72,115.7,472.88
105,강릉,2024-08,28.7,73,87.2,565.58
105,강릉,2024-09,23.1,83,479.5,343.86
105,강릉,2024-10,16.7,74,167.4,300.64
105,강릉,2024-11,11.5,64,32.9,247.54
105,강릉,2024-12,3.8,42,16.9,273.21
105,강릉,2025-01,1.9,49,16.5,293.65
105,강릉,2025-02,1.8,38,,385.14
105,강릉,2025-03,8,60,119.8,441.54
105,강릉,2025-04,13.9,56,26.2,550.96
105,강릉,2025-05,18.3,62,53.8,587.7
105,강릉,2025-06,25,62,18.6,599.22
105,강릉,2025-07,28.8,67,128.2,578.5
105,강릉,2025-08,29,67,41.1,526.82
105,강릉,2025-09,23.3,74,339.8,224.39
105,강릉,2025-10,16,82,486.2,186.93
108,서울,2000-01,-2.1,64,42.8,130.93
108,서울,2000-02,-1.7,56,2.1,289.38
108,서울,2000-03,6.3,55,3.1,389.5
108,서울,2000-04,11.9,56,30.7,440.9
108,서울,2000-05,17.5,66,75.2,443.69
108,서울,2000-06,23.7,65,68.1,443.37
108,서울,2000-07,26.8,74,114.7,398.51
108,서울,2000-08,26.2,79,599.4,350.5
108,서울,2000-09,20.7,71,178.5,317.17
108,서울,2000-10,14.9,64,18.1,291.77
108,서울,2000-11,7,57,27.1,213.58
108,서울,2000-12,.9,58,27,193.19
108,서울,2001-01,-4.1,62,39.4,205.8
108,서울,2001-02,-.3,60,45.7,256.31
108,서울,2001-03,5,51,18.1,396.53
108,서울,2001-04,13.6,50,12.3,492.04
108,서울,2001-05,19.1,61,16.5,504.43
108,서울,2001-06,22.5,71,157.4,359.31
108,서울,2001-07,25.9,76,698.4,322.67
108,서울,2001-08,26.5,69,252,431.66
108,서울,2001-09,22.5,58,49.3,405.66
108,서울,2001-10,16.5,65,68.2,284.37
108,서울,2001-11,7,58,13,235.81
108,서울,2001-12,-.6,49,15.7,236.38
108,서울,2002-01,.3,63,37.4,203.68
108,서울,2002-02,2.9,55,2.4,304.67
108,서울,2002-03,7.6,55,31.5,455.61
108,서울,2002-04,13.6,53,155.1,539.06
108,서울,2002-05,18.2,62,58,569.16
108,서울,2002-06,22.2,62,61.4,568.18
108,서울,2002-07,25.2,74,220.6,398.92
108,서울,2002-08,24.2,79,688,314.8
108,서울,2002-09,21.6,67,61.1,391.8
108,서울,2002-10,12.8,60,45,392.09
108,서울,2002-11,4,56,12.5,247.98
108,서울,2002-12,1.7,60,15,210.18
108,서울,2003-01,-2.5,60,14.1,242.47
108,서울,2003-02,2.7,62,39.6,275.69
108,서울,2003-03,6.5,58,26.8,391.06
108,서울,2003-04,13.2,60,139.6,440.66
108,서울,2003-05,19.6,57,106,586.05
108,서울,2003-06,21.5,69,156,422.35
108,서울,2003-07,23.8,75,469.8,420.74
108,서울,2003-08,24.1,77,684.2,391.98
108,서울,2003-09,20.9,72,258.2,373.37
108,서울,2003-10,13.9,61,41.5,369.04
108,서울,2003-11,9.5,66,69.3,180.5
108,서울,2003-12,.7,59,6.9,208.57
108,서울,2004-01,-1.5,59,19.8,234.67
108,서울,2004-02,2.3,56,54.6,306.49
108,서울,2004-03,6.3,49,27.6,465.92
108,서울,2004-04,13.1,51,74.1,516.08
108,서울,2004-05,17.6,68,168.5,507.25
108,서울,2004-06,23.2,64,138.1,475.28
108,서울,2004-07,24.8,82,510.7,316.98
108,서울,2004-08,26.1,71,193.3,469.31
108,서울,2004-09,21.7,69,198.7,415.76
108,서울,2004-10,15.2,54,6.5,433.26
108,서울,2004-11,9.1,66,80,233.97
108,서울,2004-12,1.9,56,27.2,225.8
108,서울,2005-01,-2.5,52,4.5,256.19
108,서울,2005-02,-1.9,49,17.2,310.92
108,서울,2005-03,4.1,54,12.5,466.52
108,서울,2005-04,13.2,53,94.7,518.09
108,서울,2005-05,17.7,55,85.8,603.92
108,서울,2005-06,22.7,69,168.5,465.11
108,서울,2005-07,25.3,76,269.4,371.21
108,서울,2005-08,25.1,75,285,368.84
108,서울,2005-09,21.8,71,313.3,334.1
108,서울,2005-10,14.7,65,52.6,356.12
108,서울,2005-11,8.6,55,44.6,261.97
108,서울,2005-12,-3.9,51,10.3,241.05
108,서울,2006-01,-.2,57,34.3,227.59
108,서울,2006-02,.1,53,15.7,296.92
108,서울,2006-03,5.2,51,14,439.42
108,서울,2006-04,11.6,55,51.8,407.21
108,서울,2006-05,18.4,57,156.2,541.55
108,서울,2006-06,21.8,68,168.5,469.24
108,서울,2006-07,23.1,82,1014,253.15
108,서울,2006-08,27,69,121.2,483.73
108,서울,2006-09,21.1,58,11.1,444.25
108,서울,2006-10,17.9,62,30.2,343.49
108,서울,2006-11,8.4,58,47.6,230.89
108,서울,2006-12,1.4,59,17.3,203.9
108,서울,2007-01,.4,56,10.8,232.34
108,서울,2007-02,4,53,12.6,281.89
108,서울,2007-03,6.1,60,123.5,321.94
108,서울,2007-04,11.4,53,41.1,474.64
108,서울,2007-05,18.1,62,137.6,523.35
108,서울,2007-06,23.2,61,54.5,501.44
108,서울,2007-07,24.2,75,274.1,390.34
108,서울,2007-08,26.5,75,237.6,360.81
108,서울,2007-09,21.5,74,241.9,286.98
108,서울,2007-10,15.1,63,39.5,330.32
108,서울,2007-11,6.7,55,26.4,261.71
108,서울,2007-12,1.8,60,12.7,193.98
108,서울,2008-01,-1.7,50,17.7,226.64
108,서울,2008-02,-1.2,46,15,345.96
108,서울,2008-03,7.3,56,53.9,390.28
108,서울,2008-04,14.1,50,38.5,496.97
108,서울,2008-05,17.7,58,97.7,560.5
108,서울,2008-06,21.5,65,165,521.13
108,서울,2008-07,25.1,78,530.8,336.23
108,서울,2008-08,25.3,70,251.2,493.57
108,서울,2008-09,22,64,99.2,415.31
108,서울,2008-10,16.1,62,41.8,336.82
108,서울,2008-11,7.6,58,19.6,244.52
108,서울,2008-12,1.1,56,25.9,203.88
108,서울,2009-01,-2,50,5.7,263.32
108,서울,2009-02,2.9,57,36.9,238.99
108,서울,2009-03,6,52,63.9,425.54
108,서울,2009-04,12.7,54,66.5,517.66
108,서울,2009-05,19.1,59,109,612.91
108,서울,2009-06,22.4,66,132,549.15
108,서울,2009-07,24.3,76,659.4,437.75
108,서울,2009-08,25.7,69,285.3,465.59
108,서울,2009-09,21.8,64,64.5,473.84
108,서울,2009-10,16,62,66.9,416.3
108,서울,2009-11,6.9,64,52.4,235.39
108,서울,2009-12,-1,60,21.5,218.66
108,서울,2010-01,-4.5,65,29.3,257.47
108,서울,2010-02,1.4,59,55.3,281.04
108,서울,2010-03,4.3,59,82.5,351.1
108,서울,2010-04,9.5,54,62.8,458.41
108,서울,2010-05,17.2,62,124,535.71
108,서울,2010-06,23.4,62,127.6,581.11
108,서울,2010-07,25.8,74,239.2,410.55
108,서울,2010-08,26.5,78,598.7,365.07
108,서울,2010-09,21.8,72,671.5,373.65
108,서울,2010-10,14.5,61,25.6,381.32
108,서울,2010-11,6.5,55,10.9,280.01
108,서울,2010-12,-1.3,56,16.1,221.67
108,서울,2011-01,-7.2,54,8.9,308.49
108,서울,2011-02,1.2,55,29.1,303.18
108,서울,2011-03,3.6,51,14.6,506.61
108,서울,2011-04,10.7,54,110.1,504.97
108,서울,2011-05,17.9,57,53.4,529.85
108,서울,2011-06,22,67,404.5,492.72
108,서울,2011-07,24.6,79,1131,342.33
108,서울,2011-08,25.8,74,166.8,378.91
108,서울,2011-09,21.8,58,25.6,449.39
108,서울,2011-10,14.2,55,32,364.29
108,서울,2011-11,10.7,61,56.2,189.83
108,서울,2011-12,-.9,51,7.1,215.83
108,서울,2012-01,-2.8,49,6.7,234.5
108,서울,2012-02,-2,43,.8,325.25
108,서울,2012-03,5.1,52,47.4,367.51
108,서울,2012-04,12.3,54,157,448.48
108,서울,2012-05,19.7,48,8.2,553.4
108,서울,2012-06,24.1,54,91.9,534.46
108,서울,2012-07,25.4,74,448.9,375.14
108,서울,2012-08,27.1,68,464.9,362.84
108,서울,2012-09,21,65,212,356.28
108,서울,2012-10,15.3,58,99.3,349.6
108,서울,2012-11,5.5,57,67.8,228.59
108,서울,2012-12,-4.1,57,41.4,210.32
108,서울,2013-01,-3.4,57,22.1,217.73
108,서울,2013-02,-1.2,54,74.1,296.48
108,서울,2013-03,5.1,49,27.3,443.31
108,서울,2013-04,10,54,71.7,449.86
108,서울,2013-05,18.2,58,132,513.2
108,서울,2013-06,24.4,60,28.3,507.43
108,서울,2013-07,25.5,79,676.2,268.48
108,서울,2013-08,27.7,69,148.6,420.57
108,서울,2013-09,21.8,63,138.5,368.82
108,서울,2013-10,15.8,59,13.5,372.79
108,서울,2013-11,6.2,58,46.8,233.94
108,서울,2013-12,-.2,60,24.7,202.42
108,서울,2014-01,-.7,50,13,225.31
108,서울,2014-02,1.9,52,16.2,268.4
108,서울,2014-03,7.9,60,7.2,392.05
108,서울,2014-04,14,60,31,455
108,서울,2014-05,18.9,59,63,627.82
108,서울,2014-06,23.1,73,98.1,465.41
108,서울,2014-07,26.1,74,207.9,296.02
108,서울,2014-08,25.2,77,172.8,352.98
108,서울,2014-09,22.1,69,88.1,388.56
108,서울,2014-10,15.6,63,52.2,362.31
108,서울,2014-11,9,61,41.5,250.26
108,서울,2014-12,-2.9,56,17.9,229.68
108,서울,2015-01,-.9,56,11.3,245.05
108,서울,2015-02,1,59,22.7,267.04
108,서울,2015-03,6.3,45,9.6,458.62
108,서울,2015-04,13.3,55,80.5,449.84
108,서울,2015-05,18.9,53,28.9,602.95
108,서울,2015-06,23.6,60,99,530.22
108,서울,2015-07,25.8,71,226,428.46
108,서울,2015-08,26.3,70,72.9,436.33
108,서울,2015-09,22.4,56,26,458.73
108,서울,2015-10,15.5,61,81.5,359.17
108,서울,2015-11,8.9,74,104.6,177.93
108,서울,2015-12,1.6,60,29.1,206.35
108,서울,2016-01,-3.2,53,1,246.52
108,서울,2016-02,.2,52,47.6,288.43
108,서울,2016-03,7,51,40.5,432.76
108,서울,2016-04,14.1,55,76.8,460.4
108,서울,2016-05,19.6,56,160.5,594.54
108,서울,2016-06,23.6,63,54.4,508.07
108,서울,2016-07,26.2,73,358.2,403.01
108,서울,2016-08,28,64,67.1,468.05
108,서울,2016-09,23.1,65,33,370.92
108,서울,2016-10,16.1,62,74.8,318.14
108,서울,2016-11,6.8,57,16.7,235.03
108,서울,2016-12,1.2,59,61.1,205.35
108,서울,2017-01,-1.8,55,14.9,256.11
108,서울,2017-02,-.2,54,11.1,311.86
108,서울,2017-03,6.3,48,7.9,444.9
108,서울,2017-04,13.9,52,61.6,488.91
108,서울,2017-05,19.5,52,16.1,645.35
108,서울,2017-06,23.3,57,66.6,625.27
108,서울,2017-07,26.9,77,621,375.27
108,서울,2017-08,25.9,71,297,411.09
108,서울,2017-09,22.1,61,35,445.23
108,서울,2017-10,16.4,56,26.5,240.97
108,서울,2017-11,5.6,54,40.7,145.34
108,서울,2017-12,-1.9,56,34.8,151.69
108,서울,2018-01,-4,48,8.5,158.99
108,서울,2018-02,-1.6,45,29.6,309.28
108,서울,2018-03,8.1,59,49.5,446.41
108,서울,2018-04,13,55,130.3,513.19
108,서울,2018-05,18.2,63,222,561.24
108,서울,2018-06,23.1,63,171.5,602.59
108,서울,2018-07,27.8,68,185.6,561.1
108,서울,2018-08,28.8,65,202.6,517.16
108,서울,2018-09,21.5,61,68.5,470.96
108,서울,2018-10,13.1,59,120.5,403.34
108,서울,2018-11,7.8,58,79.1,265.35
108,서울,2018-12,-.6,46,16.4,253.64
108,서울,2019-01,-.9,46,0,285.25
108,서울,2019-02,1,47,23.8,319.96
108,서울,2019-03,7.1,51,26.8,417.72
108,서울,2019-04,12.1,51,47.3,502.12
108,서울,2019-05,19.4,47,37.8,701.39
108,서울,2019-06,22.5,61,74,589.02
108,서울,2019-07,25.9,69,194.4,426.99
108,서울,2019-08,27.2,69,190.5,486.24
108,서울,2019-09,22.6,65,139.8,386.78
108,서울,2019-10,16.4,62,55.5,395.43
108,서울,2019-11,7.6,56,78.8,284.28
108,서울,2019-12,1.4,58,22.6,223.25
108,서울,2020-01,1.6,56,60.5,252.58
108,서울,2020-02,2.5,58,53.1,313.44
108,서울,2020-03,7.7,46,16.3,515.18
108,서울,2020-04,11.1,50,16.9,637.52
108,서울,2020-05,18,67,112.4,564.83
108,서울,2020-06,23.9,68,139.6,603.98
108,서울,2020-07,24.1,77,270.4,464.55
108,서울,2020-08,26.5,85,675.7,325.97
108,서울,2020-09,21.4,71,181.5,452.05
108,서울,2020-10,14.3,61,0,428.25
108,서울,2020-11,8,64,120.1,281.51
108,서울,2020-12,-.3,58,4.6,276.39
108,서울,2021-01,-2.4,58,18.9,270.25
108,서울,2021-02,2.7,56,7.1,348.55
108,서울,2021-03,9,63,110.9,476.94
108,서울,2021-04,14.2,54,124.1,558.28
108,서울,2021-05,17.1,68,183.1,570.5
108,서울,2021-06,22.8,73,104.6,563.35
108,서울,2021-07,28.1,71,168.3,578.3
108,서울,2021-08,25.9,74,211.2,428.88
108,서울,2021-09,22.6,71,131,474.13
108,서울,2021-10,15.6,70,57,353.62
108,서울,2021-11,8.2,68,62.4,271.64
108,서울,2021-12,.6,62,7.9,257.25
108,서울,2022-01,-2.2,55,5.5,301.7
108,서울,2022-02,-1.1,55,4.7,376.05
108,서울,2022-03,7.7,62,102.6,425.4
108,서울,2022-04,14.8,55,20.4,615.24
108,서울,2022-05,19.1,55,7.5,764.61
108,서울,2022-06,23.3,73,393.8,440.59
108,서울,2022-07,27.3,77,252.3,508.79
108,서울,2022-08,25.7,80,564.8,402.81
108,서울,2022-09,22.4,68,201.5,496.22
108,서울,2022-10,14.6,69,124.1,420.22
108,서울,2022-11,10,65,84.5,298.77
108,서울,2022-12,-2.8,59,13.6,275.5
108,서울,2023-01,-1.5,63,47.9,290.78
108,서울,2023-02,2.3,59,1,363.91
108,서울,2023-03,9.8,51,10.5,520.57
108,서울,2023-04,13.8,60,96.9,498.03
108,서울,2023-05,19.5,63,155.6,648.18
108,서울,2023-06,23.4,73,195.6,572.17
108,서울,2023-07,26.7,81,459.9,478.8
108,서울,2023-08,27.2,76,298.1,469.76
108,서울,2023-09,23.7,74,134.5,425.79
108,서울,2023-10,15.8,67,31,416.57
108,서울,2023-11,6.8,65,81.9,284.12
108,서울,2023-12,1.1,69,85.9,217.32
108,서울,2024-01,-.5,67,18.9,279.71
108,서울,2024-02,3.8,73,74.7,259.99
108,서울,2024-03,7,57,29.9,438.18
108,서울,2024-04,16.3,56,33.2,558.15
108,서울,2024-05,18.5,63,125.1,686.87
108,서울,2024-06,24.6,61,115.9,714.52
108,서울,2024-07,26.6,81,557.3,402.43
108,서울,2024-08,29.3,73,72.8,507.93
108,서울,2024-09,25.5,72,143.9,439.21
108,서울,2024-10,16.7,70,74,367.11
108,서울,2024-11,9.7,63,60,293.01
108,서울,2024-12,.8,56,5.7,288.48
108,서울,2025-01,-.4,61,19.5,273.99
108,서울,2025-02,-1.2,56,5.2,405.31
108,서울,2025-03,8,56,38.2,494.93
108,서울,2025-04,13.4,61,94.6,585.38
108,서울,2025-05,17.8,67,123.6,575.6
108,서울,2025-06,24,68,98.1,565.72
108,서울,2025-07,28.8,72,293.9,538.53
108,서울,2025-08,28.2,76,290.3,485.65
108,서울,2025-09,23.5,76,370.7,393.58
108,서울,2025-10,16.5,76,186.3,297.37
143,대구,2000-01,1.1,57,9.2,157.46
143,대구,2000-02,1.3,39,0,376.13
143,대구,2000-03,7.9,42,27.4,518.29
143,대구,2000-04,13,46,27.2,523.9
143,대구,2000-05,19.5,56,53.2,582.23
143,대구,2000-06,23.3,65,133.4,511.27
143,대구,2000-07,26.9,71,259.8,537.9
143,대구,2000-08,26.5,76,219.8,442.2
143,대구,2000-09,21.2,74,281.3,365.57
143,대구,2000-10,16.7,66,25.3,359.55
143,대구,2000-11,9.4,62,47.5,264.75
143,대구,2000-12,3.9,49,3.2,265.72
143,대구,2001-01,.7,55,31.1,260.32
143,대구,2001-02,4.2,51,61.9,316.21
143,대구,2001-03,9.1,40,5.6,481.38
143,대구,2001-04,15.8,44,19.5,595.83
143,대구,2001-05,20.5,56,61.1,606.41
143,대구,2001-06,23.9,66,282.9,499.36
143,대구,2001-07,27.7,71,120.9,558.82
143,대구,2001-08,27.2,68,73.6,496.03
143,대구,2001-09,22,67,126.2,451.89
143,대구,2001-10,16.6,71,64.9,340.05
143,대구,2001-11,8.3,53,8,306.6
143,대구,2001-12,1.9,49,22.6,279.31
143,대구,2002-01,2.3,55,51.8,281.65
143,대구,2002-02,4,44,1.5,351.78
143,대구,2002-03,10.1,47,50.5,462.51
143,대구,2002-04,15.6,50,72.5,521.43
143,대구,2002-05,18.5,61,94.2,561.45
143,대구,2002-06,23.3,57,23.3,593.04
143,대구,2002-07,26.1,73,169.4,463.52
143,대구,2002-08,24.9,77,680.3,363.37
143,대구,2002-09,21,70,68.4,431.4
143,대구,2002-10,14.3,64,48,369.47
143,대구,2002-11,6.2,49,2.8,313.79
143,대구,2002-12,3.4,59,28.6,239.48
143,대구,2003-01,-.4,51,24.9,301.24
143,대구,2003-02,4,57,41,335.8
143,대구,2003-03,7.8,56,41.1,427.59
143,대구,2003-04,14.1,58,150,467.88
143,대구,2003-05,18.5,64,233.7,543.9
143,대구,2003-06,22.2,67,168.5,461.05
143,대구,2003-07,22.5,80,535.6,375.76
143,대구,2003-08,25,75,195.4,416.66
143,대구,2003-09,22.1,74,292.2,364.73
143,대구,2003-10,15,56,15,423.19
143,대구,2003-11,10.9,67,41.5,239.8
143,대구,2003-12,3.3,49,11,283.74
143,대구,2004-01,.8,47,1.2,309.18
143,대구,2004-02,4.8,43,32.9,377.99
143,대구,2004-03,8.4,42,12.5,493.64
143,대구,2004-04,15.4,42,75.6,557.83
143,대구,2004-05,19.4,59,82.8,525.88
143,대구,2004-06,23.1,60,296,521.31
143,대구,2004-07,27.3,69,137.5,520.4
143,대구,2004-08,25.8,70,370.3,443.31
143,대구,2004-09,21.6,73,141.1,351.9
143,대구,2004-10,15.7,59,5.8,395.66
143,대구,2004-11,11,61,47.3,296.53
143,대구,2004-12,4.8,50,19.4,289.72
143,대구,2005-01,.7,44,6.5,330.84
143,대구,2005-02,1.4,45,16.6,340.22
143,대구,2005-03,7.2,45,67.1,525.05
143,대구,2005-04,16,43,44.8,592
143,대구,2005-05,19.5,50,32.6,694.14
143,대구,2005-06,24.9,60,119,602.38
143,대구,2005-07,26.4,72,193.6,488.96
143,대구,2005-08,26.3,72,280.2,411.31
143,대구,2005-09,22.6,72,49.9,352.74
143,대구,2005-10,15.8,62,6.7,307.42
143,대구,2005-11,10,49,14.5,266.28
143,대구,2005-12,-.3,43,2.8,291.56
143,대구,2006-01,2.6,49,14.8,242.64
143,대구,2006-02,3.1,48,25.2,286.45
143,대구,2006-03,8.2,42,11.5,438.35
143,대구,2006-04,13.4,52,64.9,426.87
143,대구,2006-05,18.9,59,120.3,480.66
143,대구,2006-06,23.4,61,64,510.97
143,대구,2006-07,24.2,80,568.1,300.33
143,대구,2006-08,28.2,68,127.6,457.73
143,대구,2006-09,20.6,67,75.7,388.31
143,대구,2006-10,18.6,62,16.7,400.93
143,대구,2006-11,10.2,57,35.2,226.27
143,대구,2006-12,3.6,54,7.5,224.8
143,대구,2007-01,3.3,46,0,244.64
143,대구,2007-02,6.2,51,30,314.37
143,대구,2007-03,8.8,52,64.7,414.17
143,대구,2007-04,14.2,44,24.7,513.87
143,대구,2007-05,19.9,51,44.5,613.17
143,대구,2007-06,23,63,81.1,479.74
143,대구,2007-07,24.8,73,107.6,421.17
143,대구,2007-08,27.6,72,198,444.5
143,대구,2007-09,22.4,76,364.7,308.39
143,대구,2007-10,16.7,66,29.7,391.67
143,대구,2007-11,9,51,0,328.53
143,대구,2007-12,4.3,57,28.9,242.43
143,대구,2008-01,1.5,55,38.2,226.81
143,대구,2008-02,1.5,38,5,401.36
143,대구,2008-03,9.1,51,23.8,465.25
143,대구,2008-04,14.8,53,54.5,541.74
143,대구,2008-05,19.7,53,82.5,631.98
143,대구,2008-06,21.1,69,187.3,496.2
143,대구,2008-07,28.4,69,77.7,525.63
143,대구,2008-08,25.8,69,235.3,538.94
143,대구,2008-09,23,66,21.9,438.72
143,대구,2008-10,17.8,58,12,404.63
143,대구,2008-11,9.5,56,11.7,277.56
143,대구,2008-12,3.3,50,11.5,257.7
143,대구,2009-01,.7,44,7.1,289.37
143,대구,2009-02,6.4,50,23.5,312.44
143,대구,2009-03,9,44,19.2,492.2
143,대구,2009-04,15.4,43,21.3,578.65
143,대구,2009-05,20.9,48,104.4,636.34
143,대구,2009-06,24,57,136.3,565.42
143,대구,2009-07,24.8,72,338,417.13
143,대구,2009-08,25.5,66,49.5,466.58
143,대구,2009-09,22.6,64,41.5,454.29
143,대구,2009-10,17.2,54,25.8,428.17
143,대구,2009-11,9.1,56,32.4,264.39
143,대구,2009-12,2.5,48,33.5,279.8
143,대구,2010-01,0,48,15.2,317.56
143,대구,2010-02,3.9,54,58.1,284.65
143,대구,2010-03,6.9,56,59.1,349.02
143,대구,2010-04,11.5,49,63.5,475.65
143,대구,2010-05,19.4,52,97.5,601.07
143,대구,2010-06,24.8,54,35.9,596.3
143,대구,2010-07,26.7,70,247.8,452.3
143,대구,2010-08,28.7,70,396,458.49
143,대구,2010-09,23.3,67,160.5,398.36
143,대구,2010-10,16.4,61,41.8,386.68
143,대구,2010-11,8.6,46,1.7,318.58
143,대구,2010-12,2,50,27.4,252.82
143,대구,2011-01,-2.5,40,1,332.3
143,대구,2011-02,4.2,53,64.4,298.95
143,대구,2011-03,7,35,16.5,533.88
143,대구,2011-04,13.7,46,104.5,529.36
143,대구,2011-05,18.8,57,156.8,534.8
143,대구,2011-06,24.3,61,173,546.57
143,대구,2011-07,26.8,71,427.7,456.67
143,대구,2011-08,26.2,75,253.6,401.91
143,대구,2011-09,23,63,38.5,413.59
143,대구,2011-10,15.7,58,115,368.04
143,대구,2011-11,11.9,63,69.8,218.96
143,대구,2011-12,2.3,46,9.6,225.32
143,대구,2012-01,.8,47,8.1,307.62
143,대구,2012-02,1.1,44,7.1,381.9
143,대구,2012-03,7.7,50,82.1,471.41
143,대구,2012-04,15.1,47,74.4,593.66
143,대구,2012-05,20.1,53,50.6,639.9
143,대구,2012-06,23.2,64,85.1,573.75
143,대구,2012-07,27.5,70,202.5,572.04
143,대구,2012-08,27.9,71,327.1,511.32
143,대구,2012-09,21.7,69,241.5,475.4
143,대구,2012-10,15.8,57,28.1,461.55
143,대구,2012-11,8.2,50,32.5,323.61
143,대구,2012-12,-.3,55,50.8,279.22
143,대구,2013-01,-.1,52,17.7,331.17
143,대구,2013-02,2.6,43,27.3,361.26
143,대구,2013-03,9.8,41,55.1,569.91
143,대구,2013-04,12.3,47,60.5,561.93
143,대구,2013-05,20.3,53,70.5,676.87
143,대구,2013-06,24.3,66,63.1,614.2
143,대구,2013-07,28.7,67,249.3,578.78
143,대구,2013-08,29,69,203,593.61
143,대구,2013-09,23,67,96.7,459.22
143,대구,2013-10,17.2,64,107.5,411.68
143,대구,2013-11,8.9,55,39.8,331.91
143,대구,2013-12,3.5,51,5.9,287.84
143,대구,2014-01,2.8,40,1.7,333.84
143,대구,2014-02,4.5,54,7,297.54
143,대구,2014-03,9.7,51,110.5,474.7
143,대구,2014-04,15.5,48,105,542.89
143,대구,2014-05,21.2,44,24.4,761.34
143,대구,2014-06,23.4,63,28.2,538.07
143,대구,2014-07,27,68,142.6,564.5
143,대구,2014-08,24.7,79,402.8,388.85
143,대구,2014-09,22.5,68,110.5,477.56
143,대구,2014-10,16.4,64,88.6,423.4
143,대구,2014-11,10.3,60,45.3,322.47
143,대구,2014-12,1.2,47,5.5,300.04
143,대구,2015-01,2.3,57,24.1,310.82
143,대구,2015-02,3.8,53,14.6,356.27
143,대구,2015-03,9.2,46,50.5,566.32
143,대구,2015-04,14.6,63,82.7,488.72
143,대구,2015-05,21.7,49,34.7,750.05
143,대구,2015-06,22.9,66,62.1,534.92
143,대구,2015-07,25,72,157.5,484.24
143,대구,2015-08,26,75,269.5,500.66
143,대구,2015-09,20.6,77,70.3,455.78
143,대구,2015-10,15.8,68,38.1,436.43
143,대구,2015-11,11,80,70.9,191.6
143,대구,2015-12,4.5,69,33.5,224.17
143,대구,2016-01,-.2,58,23.8,265.94
143,대구,2016-02,3.1,52,15.5,352.07
143,대구,2016-03,8.8,55,67.5,459.3
143,대구,2016-04,14.9,61,151,507
143,대구,2016-05,20,59,65,655.45
143,대구,2016-06,23.4,67,45.7,524.66
143,대구,2016-07,26.4,73,307.3,516.26
143,대구,2016-08,27.6,65,81.2,598.37
143,대구,2016-09,21.9,79,306.5,325.16
143,대구,2016-10,16.6,75,111.5,304.1
143,대구,2016-11,8.8,62,11.3,278.14
143,대구,2016-12,4,58,41,240.44
143,대구,2017-01,1.1,52,2.5,301.04
143,대구,2017-02,3.2,46,25.7,381.1
143,대구,2017-03,7.9,50,38.4,490.83
143,대구,2017-04,15.7,52,53,575.09
143,대구,2017-05,20.8,52,33.1,668.09
143,대구,2017-06,23.3,60,71.5,664.08
143,대구,2017-07,28,75,105.3,475.51
143,대구,2017-08,26.4,75,171.3,535.56
143,대구,2017-09,21.5,68,97.5,473.31
143,대구,2017-10,16.2,71,54.3,339.76
143,대구,2017-11,7.8,53,.1,321.59
143,대구,2017-12,.7,46,11,285.63
143,대구,2018-01,-.9,49,21.1,311.43
143,대구,2018-02,1.3,40,25.1,356.28
143,대구,2018-03,9.2,60,98.7,470.41
143,대구,2018-04,15,52,113,559.89
143,대구,2018-05,19.2,62,99.7,569.94
143,대구,2018-06,23.6,60,121.1,575.54
143,대구,2018-07,28.2,66,169.6,583.52
143,대구,2018-08,27.7,68,334.2,544.94
143,대구,2018-09,21,71,109,391.07
143,대구,2018-10,14.3,63,165.1,417.44
143,대구,2018-11,8.8,63,17.2,290.08
143,대구,2018-12,2,50,23.8,260.56
143,대구,2019-01,1.7,44,9.5,319.27
143,대구,2019-02,4,47,26.2,345.66
143,대구,2019-03,9.4,50,20.7,500.7
143,대구,2019-04,13.5,52,88,480.63
143,대구,2019-05,20.7,47,25.7,702.36
143,대구,2019-06,22.8,65,160.8,620.6
143,대구,2019-07,25.8,76,139.4,487.33
143,대구,2019-08,27.4,74,141.9,515.88
143,대구,2019-09,22.6,79,185.5,379.27
143,대구,2019-10,16.8,71,155.2,386.33
143,대구,2019-11,9.8,66,15.3,291.61
143,대구,2019-12,3.5,57,27.5,257.63
143,대구,2020-01,3.8,61,70.4,266.64
143,대구,2020-02,4.9,59,40.2,375.31
143,대구,2020-03,9.5,61,24.5,540.59
143,대구,2020-04,12.6,53,32.4,647.86
143,대구,2020-05,19.4,64,38.1,661.45
143,대구,2020-06,24.5,63,185.3,632.61
143,대구,2020-07,23.2,79,330.5,421.05
143,대구,2020-08,28.6,71,322.7,534.44
143,대구,2020-09,21.2,73,161,409.03
143,대구,2020-10,15.4,64,13.1,442.4
143,대구,2020-11,9.7,59,23.9,320.68
143,대구,2020-12,1.6,54,2.8,304.57
143,대구,2021-01,.5,58,11.9,315.94
143,대구,2021-02,4.8,59,19.2,372.05
143,대구,2021-03,10.2,69,95.2,489.34
143,대구,2021-04,14.5,61,43,616.96
143,대구,2021-05,18.3,62,90.9,598.19
143,대구,2021-06,23.2,64,55.1,594.91
143,대구,2021-07,26.9,69,153.3,608.97
143,대구,2021-08,25.7,74,256.3,453.3
143,대구,2021-09,22.1,76,84.1,402.76
143,대구,2021-10,16.5,72,57.8,425.96
143,대구,2021-11,9.5,64,43.1,320.4
143,대구,2021-12,3.1,57,.1,308.9
143,대구,2022-01,.9,47,0,350.35
143,대구,2022-02,1.6,44,.1,416.9
143,대구,2022-03,9.7,58,34.3,479.66
143,대구,2022-04,15.9,55,38.5,614.53
143,대구,2022-05,20.7,50,4.2,774.85
143,대구,2022-06,24.3,71,81.8,603.39
143,대구,2022-07,27.5,77,88.8,569.6
143,대구,2022-08,26.9,81,143.3,449.78
143,대구,2022-09,21.9,80,114.2,453.26
143,대구,2022-10,15.5,72,25.6,457.38
143,대구,2022-11,11,65,46.6,330.4
143,대구,2022-12,.4,63,3.6,298.9
143,대구,2023-01,.9,61,11.5,328.9
143,대구,2023-02,4.4,51,11.2,352.59
143,대구,2023-03,11.8,46,27.3,516.58
143,대구,2023-04,14.8,55,30.8,560.34
143,대구,2023-05,19.3,63,200,596.25
143,대구,2023-06,24,66,178.7,635.54
143,대구,2023-07,26.7,78,298.7,485.69
143,대구,2023-08,27.5,76,312.8,534.68
143,대구,2023-09,23.5,77,123.6,409.2
143,대구,2023-10,15.9,66,5.7,457.45
143,대구,2023-11,9.2,57,31.6,335.24
143,대구,2023-12,3.5,62,89.9,264.12
143,대구,2024-01,2.3,58,21.4,311.95
143,대구,2024-02,5.4,71,56.8,258.08
143,대구,2024-03,8.5,55,70.9,469.72
143,대구,2024-04,16.3,62,60.6,511.52
143,대구,2024-05,19.4,57,59.8,723.92
143,대구,2024-06,24.6,61,98.3,644.38
143,대구,2024-07,27.8,75,372.2,515.32
143,대구,2024-08,29.1,70,118.3,634.38
143,대구,2024-09,25.4,75,151.5,454.92
143,대구,2024-10,17,76,94.9,347.7
143,대구,2024-11,10.7,69,50.4,292.79
143,대구,2024-12,3.5,50,1.3,304.49
143,대구,2025-01,1.4,53,4.3,311
143,대구,2025-02,1.2,46,12.7,409.62
143,대구,2025-03,9.6,51,25.4,486.29
143,대구,2025-04,14.9,52,41.8,630.25
143,대구,2025-05,18.1,64,103.6,598.7
143,대구,2025-06,24.8,63,163.7,588.67
143,대구,2025-07,28,69,248,682.4
143,대구,2025-08,28.8,70,158,564.87
143,대구,2025-09,23.9,76,150.8,406.09
143,대구,2025-10,17.4,77,99.6,314.03
155,창원,2000-01,3.3,50,17.3,
155,창원,2000-02,3,37,,
155,창원,2000-03,8.9,49,33.1,
155,창원,2000-04,13.4,56,81.1,
155,창원,2000-05,17.9,69,65,
155,창원,2000-06,21.4,74,118.7,
155,창원,2000-07,26,77,345.7,
155,창원,2000-08,26.7,76,415,
155,창원,2000-09,21.9,68,239.4,
155,창원,2000-10,17.4,60,38.7,
155,창원,2000-11,10.5,54,52.3,
155,창원,2000-12,5.4,44,1.4,
155,창원,2001-01,1.8,48,66,
155,창원,2001-02,4.5,46,73.5,
155,창원,2001-03,8.5,46,5.7,
155,창원,2001-04,14.2,54,42,
155,창원,2001-05,19.2,63,44.6,
155,창원,2001-06,21.8,74,342.2,
155,창원,2001-07,26.3,76,159.5,
155,창원,2001-08,27.1,66,108.3,
155,창원,2001-09,22.8,62,86.7,
155,창원,2001-10,18.3,63,93.6,
155,창원,2001-11,10.6,47,12.5,
155,창원,2001-12,4.5,41,37.3,
155,창원,2002-01,4.6,51,61.4,
155,창원,2002-02,6.1,44,7,
155,창원,2002-03,10.6,51,136.6,
155,창원,2002-04,14.9,59,246.8,
155,창원,2002-05,18,72,118.6,
155,창원,2002-06,22.1,68,82,
155,창원,2002-07,25.1,82,347.2,
155,창원,2002-08,25.2,78,714.3,
155,창원,2002-09,22.1,65,76.4,
155,창원,2002-10,16.2,57,52.8,
155,창원,2002-11,8.3,44,5.2,
155,창원,2002-12,5.9,50,24.9,
155,창원,2003-01,1.9,43,28.2,
155,창원,2003-02,5.6,53,51,
155,창원,2003-03,8.5,55,51.4,
155,창원,2003-04,14.4,59,271.5,
155,창원,2003-05,18.1,65,301.5,
155,창원,2003-06,22.2,69,240.2,
155,창원,2003-07,22.8,79,476.4,
155,창원,2003-08,25.4,73,291.6,
155,창원,2003-09,23.5,67,233.8,
155,창원,2003-10,17,50,11.3,
155,창원,2003-11,12.9,60,62.5,
155,창원,2003-12,5.3,41,16.8,
155,창원,2004-01,3.1,39,0,
155,창원,2004-02,6.4,41,101.6,
155,창원,2004-03,9.1,44,43.7,
155,창원,2004-04,14.7,52,169,
155,창원,2004-05,18.9,68,220,
155,창원,2004-06,22.3,68,214.9,
155,창원,2004-07,26.7,77,194.7,
155,창원,2004-08,26.7,72,429.4,
155,창원,2004-09,23.3,69,303.4,
155,창원,2004-10,17.6,54,.6,
155,창원,2004-11,12.5,57,127.6,
155,창원,2004-12,6.7,47,22.1,
155,창원,2005-01,1.8,44,9.4,
155,창원,2005-02,2.3,47,29,
155,창원,2005-03,7,51,89,
155,창원,2005-04,14.2,57,134.1,
155,창원,2005-05,17.8,63,101,
155,창원,2005-06,22.3,75,148.1,
155,창원,2005-07,24.7,80,302.8,
155,창원,2005-08,25.9,75,499.6,
155,창원,2005-09,23,74,118.3,
155,창원,2005-10,16.9,65,26.2,
155,창원,2005-11,11.2,52,31.9,
155,창원,2005-12,1.3,44,.7,
155,창원,2006-01,3.6,51,23.9,
155,창원,2006-02,3.7,54,34,
155,창원,2006-03,7.9,54,18.1,
155,창원,2006-04,12.9,65,147.1,
155,창원,2006-05,17.5,72,284.9,
155,창원,2006-06,21.3,77,231.2,
155,창원,2006-07,23.7,87,600.1,
155,창원,2006-08,27.4,77,153.5,
155,창원,2006-09,21,70,122.5,
155,창원,2006-10,18.6,68,35,
155,창원,2006-11,11.5,55,30.2,
155,창원,2006-12,4.9,52,12,
155,창원,2007-01,4,47,4,
155,창원,2007-02,6.6,54,75.5,
155,창원,2007-03,8.7,57,121.1,
155,창원,2007-04,13.2,53,51,
155,창원,2007-05,18.5,64,132,
155,창원,2007-06,21.5,73,105.6,
155,창원,2007-07,23.8,79,265.5,
155,창원,2007-08,26.6,78,286.8,
155,창원,2007-09,22.5,76,303.6,
155,창원,2007-10,17.1,65,105.2,
155,창원,2007-11,10,51,0,
155,창원,2007-12,5.4,55,46.9,
155,창원,2008-01,2.9,52,42.1,
155,창원,2008-02,2.5,38,10.5,
155,창원,2008-03,9,57,50.2,
155,창원,2008-04,14.1,61,78.5,
155,창원,2008-05,18.1,66,150.5,
155,창원,2008-06,20.7,74,309.1,
155,창원,2008-07,26.5,81,161.4,
155,창원,2008-08,25.8,73,133.8,
155,창원,2008-09,23.2,71,32.9,
155,창원,2008-10,18.7,61,30.5,
155,창원,2008-11,10.8,57,15.5,
155,창원,2008-12,5.3,51,5.5,
155,창원,2009-01,2.3,44,10.5,
155,창원,2009-02,7.3,55,62,
155,창원,2009-03,9.5,51,78.5,
155,창원,2009-04,14.5,53,127.5,
155,창원,2009-05,19.1,61,171,
155,창원,2009-06,21.9,72,296,
155,창원,2009-07,24,81,818.6,
155,창원,2009-08,25.3,72,132.4,
155,창원,2009-09,22.6,69,33.1,
155,창원,2009-10,18,57,64,
155,창원,2009-11,10.5,57,51.2,
155,창원,2009-12,4.5,46,21.1,
155,창원,2010-01,2.2,45,61,
155,창원,2010-02,5.1,56,146.6,
155,창원,2010-03,7.9,58,137.2,
155,창원,2010-04,11.4,60,163,
155,창원,2010-05,17.7,70,229,
155,창원,2010-06,22.3,73,71.9,
155,창원,2010-07,25.4,84,375.6,
155,창원,2010-08,27.7,81,214.8,
155,창원,2010-09,23.7,74,262.5,
155,창원,2010-10,17.3,65,67.5,
155,창원,2010-11,9.8,53,16,
155,창원,2010-12,4,51,21.8,
155,창원,2011-01,-1.1,40,0,
155,창원,2011-02,5,57,74.7,
155,창원,2011-03,7.1,42,26.9,
155,창원,2011-04,12.9,58,149.6,
155,창원,2011-05,17.9,67,147,
155,창원,2011-06,21.9,78,238,
155,창원,2011-07,25.6,80,414.1,
155,창원,2011-08,25.7,81,198.5,
155,창원,2011-09,23,68,27.9,
155,창원,2011-10,16.5,61,91.5,
155,창원,2011-11,13.1,64,141.2,
155,창원,2011-12,3.8,44,4.6,
155,창원,2012-01,2.2,44,5.2,
155,창원,2012-02,2.1,45,11,
155,창원,2012-03,7.9,55,101.4,
155,창원,2012-04,14,58,217.4,
155,창원,2012-05,19.1,62,39.9,
155,창원,2012-06,21.8,72,78.9,
155,창원,2012-07,26,80,334.6,
155,창원,2012-08,27.5,74,329.6,
155,창원,2012-09,21.9,71,269,
155,창원,2012-10,16.8,58,37,
155,창원,2012-11,9.4,49,56.2,
155,창원,2012-12,1.7,53,79.2,
155,창원,2013-01,1.3,48,13.7,
155,창원,2013-02,3.6,43,71.2,
155,창원,2013-03,9.6,52,84.9,
155,창원,2013-04,12.5,51,90.5,
155,창원,2013-05,18.7,62,222.4,
155,창원,2013-06,22.4,75,148.5,
155,창원,2013-07,27,79,190.1,
155,창원,2013-08,28,74,82.3,
155,창원,2013-09,23.3,68,58.5,
155,창원,2013-10,18.3,61,83.2,
155,창원,2013-11,10,54,59.6,
155,창원,2013-12,4.7,47,5.1,
155,창원,2014-01,4,41,5.7,
155,창원,2014-02,5.4,54,20,
155,창원,2014-03,9.6,58,152.5,
155,창원,2014-04,14.5,54,102.9,
155,창원,2014-05,19.4,57,106.5,
155,창원,2014-06,22,73,45.1,
155,창원,2014-07,25.2,80,149.2,
155,창원,2014-08,24.6,81,665.9,
155,창원,2014-09,22.3,74,109.8,
155,창원,2014-10,17.2,65,101,
155,창원,2014-11,11.6,60,51.5,
155,창원,2014-12,2.9,48,15.7,
155,창원,2015-01,3.6,50,33.4,
155,창원,2015-02,4.6,50,31,
155,창원,2015-03,8.9,51,69.5,
155,창원,2015-04,13.9,64,196.3,
155,창원,2015-05,19.3,61,134,
155,창원,2015-06,21.2,76,77,
155,창원,2015-07,24.1,81,197.5,
155,창원,2015-08,25.4,81,116.7,
155,창원,2015-09,20.9,75,88.9,214.77
155,창원,2015-10,16.4,65,40.2,490.13
155,창원,2015-11,11.8,73,85.2,249.99
155,창원,2015-12,5.5,59,41,276.08
155,창원,2016-01,.6,50,40.5,311.83
155,창원,2016-02,4.1,46,73.2,404.75
155,창원,2016-03,8.9,59,81.6,494.27
155,창원,2016-04,14.7,66,263,547.48
155,창원,2016-05,19.4,64,123.7,670.96
155,창원,2016-06,22.5,80,108.8,558.7
155,창원,2016-07,26.3,87,181.8,598.93
155,창원,2016-08,27.3,77,110,642.99
155,창원,2016-09,22.2,84,522.7,359.05
155,창원,2016-10,17.4,76,215.8,344.22
155,창원,2016-11,9.8,62,35.1,308.42
155,창원,2016-12,5.4,55,136.8,295.09
155,창원,2017-01,2.6,47,7.2,358.57
155,창원,2017-02,4.1,46,42.5,417.93
155,창원,2017-03,8,54,19.9,520.43
155,창원,2017-04,15.1,62,128.2,615.31
155,창원,2017-05,19.7,63,31.1,727.14
155,창원,2017-06,22.1,72,58.7,701.64
155,창원,2017-07,27.1,88,162.4,569.55
155,창원,2017-08,27.3,82,227.9,593.87
155,창원,2017-09,22.2,75,104.8,492.9
155,창원,2017-10,17.5,72,81.4,385.58
155,창원,2017-11,9.7,54,0,365.63
155,창원,2017-12,2,45,15.2,329.31
155,창원,2018-01,.3,46,26.7,345.92
155,창원,2018-02,2.6,38,32.6,401.9
155,창원,2018-03,9.1,67,186,498.56
155,창원,2018-04,14.4,67,119.3,585.93
155,창원,2018-05,18.1,76,145,573.34
155,창원,2018-06,21.7,80,194.8,603.37
155,창원,2018-07,27.1,84,146,670.19
155,창원,2018-08,27.5,83,243.7,525.49
155,창원,2018-09,21.3,82,216.4,381.42
155,창원,2018-10,15.1,69,146.2,455.43
155,창원,2018-11,10.1,65,23.7,339.45
155,창원,2018-12,3.2,51,26.9,296.07
155,창원,2019-01,2.4,43,8.3,356.56
155,창원,2019-02,4.5,51,46,174.76
155,창원,2019-03,9.2,54,54.7,325.58
155,창원,2019-04,12.6,58,91.3,477.48
155,창원,2019-05,18.9,56,131.1,714.78
155,창원,2019-06,21,73,324,623.48
155,창원,2019-07,24.4,80,265.7,493.78
155,창원,2019-08,26.7,76,87.9,522.87
155,창원,2019-09,22.7,77,252,319.28
155,창원,2019-10,17.4,66,254.8,378.01
155,창원,2019-11,11.1,59,36.4,303.78
155,창원,2019-12,4.7,52,34.8,256.57
155,창원,2020-01,4.6,55,112.6,233.19
155,창원,2020-02,5.4,56,64.2,347.25
155,창원,2020-03,9.3,54,37.9,512.57
155,창원,2020-04,11.9,49,59.1,626.33
155,창원,2020-05,17.9,68,78.8,610.88
155,창원,2020-06,22.8,71,278.9,636.31
155,창원,2020-07,22.4,85,524.1,359.02
155,창원,2020-08,27.5,81,193.1,523.05
155,창원,2020-09,21.5,73,241.7,407.11
155,창원,2020-10,16,57,20.5,428.99
155,창원,2020-11,10.7,54,55.6,296.71
155,창원,2020-12,2.6,47,6.3,283.07
155,창원,2021-01,1.4,50,14.3,288.84
155,창원,2021-02,5.5,48,36.9,352.42
155,창원,2021-03,10.4,60,177.1,475.47
155,창원,2021-04,14.1,53,86.5,586.64
155,창원,2021-05,17.7,64,147.9,588.66
155,창원,2021-06,21.8,74,140.6,598.2
155,창원,2021-07,26.5,77,521.2,598.42
155,창원,2021-08,26.2,77,413,493.79
155,창원,2021-09,22.5,74,92.2,341.15
155,창원,2021-10,17.4,66,25,417.24
155,창원,2021-11,10.8,56,53.5,309.66
155,창원,2021-12,4.2,50,2.4,283
155,창원,2022-01,2,39,0,317.99
155,창원,2022-02,2.3,37,0,399.01
155,창원,2022-03,9.5,57,135,438.43
155,창원,2022-04,14.6,57,102.1,577.33
155,창원,2022-05,19.1,53,2.4,727.23
155,창원,2022-06,22.1,75,194,529.93
155,창원,2022-07,26.7,76,167.9,594.59
155,창원,2022-08,26.4,78,224.6,460.29
155,창원,2022-09,22.5,69,156,411.18
155,창원,2022-10,16.5,60,9.8,437.05
155,창원,2022-11,12.5,55,46,306.5
155,창원,2022-12,1.6,44,12.1,279.3
155,창원,2023-01,2,48,68.6,308.24
155,창원,2023-02,4.9,50,24,338.43
155,창원,2023-03,10.9,57,57.6,477.81
155,창원,2023-04,14.1,59,116.3,524.42
155,창원,2023-05,18,70,299.4,544.11
155,창원,2023-06,22.5,75,209.1,599.37
155,창원,2023-07,25.7,83,471.7,451.25
155,창원,2023-08,27.7,76,506.8,558.66
155,창원,2023-09,24.1,76,268.7,405.28
155,창원,2023-10,17,60,4,437.82
155,창원,2023-11,10.3,55,51.2,317.48
155,창원,2023-12,4.7,57,83.7,252.86
155,창원,2024-01,3.3,54,34.1,292.07
155,창원,2024-02,6,66,160.2,254.16
155,창원,2024-03,8.8,57,117.2,465.11
155,창원,2024-04,15.7,69,149.7,475.77
155,창원,2024-05,19,64,169.1,699.7
155,창원,2024-06,23.1,73,177.7,589.97
155,창원,2024-07,26.9,85,227,496.09
155,창원,2024-08,29,77,133.4,655.65
155,창원,2024-09,26.5,76,541,484.13
155,창원,2024-10,18.8,74,200.4,365.67
155,창원,2024-11,12.4,65,107,304.85
155,창원,2024-12,4.9,48,0,319.83
155,창원,2025-01,2.9,51,4.8,339.3
155,창원,2025-02,2.3,44,24.8,411.71
155,창원,2025-03,9.6,57,39.9,464.03
155,창원,2025-04,14.4,63,86.8,593.86
155,창원,2025-05,17.6,73,137.4,589.83
155,창원,2025-06,23.3,75,188.2,613.68
155,창원,2025-07,27.6,76,256.4,698.82
155,창원,2025-08,28.1,81,160.8,602.71
155,창원,2025-09,24.9,80,135.5,404.64
155,창원,2025-10,18.8,76,110.8,326
184,제주,2000-01,6,67,60,96.79
184,제주,2000-02,4.6,59,16.3,280.69
184,제주,2000-03,9.4,58,43.5,439.7
184,제주,2000-04,13.5,58,32.8,555.65
184,제주,2000-05,17.2,67,46.2,591.85
184,제주,2000-06,21.6,74,97.6,502.96
184,제주,2000-07,26.4,75,166.2,578.74
184,제주,2000-08,28,71,169.6,569.56
184,제주,2000-09,22.2,74,331.2,367.14
184,제주,2000-10,18.2,68,113,339.35
184,제주,2000-11,12.4,66,93.2,251.59
184,제주,2000-12,8.4,59,19.8,225.19
184,제주,2001-01,5.6,64,117,173.81
184,제주,2001-02,6.6,62,81.9,252.54
184,제주,2001-03,9.5,56,21.9,439.49
184,제주,2001-04,14.1,62,62.6,545.6
184,제주,2001-05,18.5,68,105.4,551.49
184,제주,2001-06,22.3,73,259.7,462.19
184,제주,2001-07,26.7,72,123.1,606.15
184,제주,2001-08,26.8,70,233.9,470.85
184,제주,2001-09,23.1,70,109.7,406.46
184,제주,2001-10,19.5,66,123.8,359.57
184,제주,2001-11,12.5,57,42,270.04
184,제주,2001-12,7.4,61,107.6,147.68
184,제주,2002-01,7.7,60,56.6,188.7
184,제주,2002-02,7.3,56,33.8,329.99
184,제주,2002-03,11.4,55,59.4,411.85
184,제주,2002-04,15.2,62,65.1,450.96
184,제주,2002-05,17.4,71,141.6,467.48
184,제주,2002-06,21.6,69,118.6,562.25
184,제주,2002-07,24.5,85,495.7,464.24
184,제주,2002-08,25.6,82,356.5,470.09
184,제주,2002-09,22.6,75,143.9,446.94
184,제주,2002-10,17.5,67,112.3,353.46
184,제주,2002-11,10.7,63,18.2,271.25
184,제주,2002-12,8.5,70,102.4,142.21
184,제주,2003-01,4.9,66,55.9,186.09
184,제주,2003-02,7.2,68,64.4,246.08
184,제주,2003-03,9.1,68,164,429.53
184,제주,2003-04,14.1,70,120.9,489.03
184,제주,2003-05,17.9,77,284.3,519.42
184,제주,2003-06,21.4,76,201.9,528.68
184,제주,2003-07,24.2,83,362.2,399.71
184,제주,2003-08,25.9,80,245.1,472.26
184,제주,2003-09,23.9,75,330.4,487.1
184,제주,2003-10,17.6,66,37.6,435.74
184,제주,2003-11,14.4,74,112.5,215.16
184,제주,2003-12,8.3,63,20,188.5
184,제주,2004-01,5.5,63,40.6,195.41
184,제주,2004-02,8.1,58,48,347.77
184,제주,2004-03,10,58,57.7,468.59
184,제주,2004-04,14.3,61,55.5,540.07
184,제주,2004-05,18.1,70,124.8,503.02
184,제주,2004-06,21.5,75,66.1,512.74
184,제주,2004-07,27.4,72,55.7,709.95
184,제주,2004-08,27.2,77,405.1,513.09
184,제주,2004-09,23.2,77,348.5,334.42
184,제주,2004-10,18.5,66,24.9,429.91
184,제주,2004-11,13.9,63,51.5,293.29
184,제주,2004-12,9.5,65,55.4,196.02
184,제주,2005-01,5.4,62,47,145.55
184,제주,2005-02,5.4,65,98.3,213.01
184,제주,2005-03,8.4,59,84.6,446.84
184,제주,2005-04,15.4,58,33.5,618.12
184,제주,2005-05,18,63,52.8,656.52
184,제주,2005-06,23.2,70,11.5,654.5
184,제주,2005-07,26.9,73,120.7,535.8
184,제주,2005-08,27.4,69,217.6,559.19
184,제주,2005-09,25.1,69,9,447.68
184,제주,2005-10,19.1,61,26.1,367.31
184,제주,2005-11,14.2,55,92.5,277.85
184,제주,2005-12,6,60,78.9,164.21
184,제주,2006-01,7.3,62,57,187.34
184,제주,2006-02,6.3,59,73.5,242.21
184,제주,2006-03,9.7,57,43.8,468.61
184,제주,2006-04,13.9,58,88.4,493.91
184,제주,2006-05,17.6,70,163.7,531.37
184,제주,2006-06,21.1,75,271.6,514.84
184,제주,2006-07,25.6,74,338.7,541.32
184,제주,2006-08,27.9,68,64.8,586.01
184,제주,2006-09,21.7,68,261,392.77
184,제주,2006-10,19.9,62,19.3,434.89
184,제주,2006-11,14.8,58,83.6,231.51
184,제주,2006-12,9,61,62,166.31
184,제주,2007-01,7.2,58,124.5,163.03
184,제주,2007-02,9.1,59,61,314.24
184,제주,2007-03,10.8,59,86.2,401.27
184,제주,2007-04,13.9,52,38.1,525.75
184,제주,2007-05,18.9,57,50.8,646.99
184,제주,2007-06,21.5,75,101.9,512.41
184,제주,2007-07,24.8,74,302.8,507.77
184,제주,2007-08,28.1,65,231.7,610.88
184,제주,2007-09,23.3,72,880,345.99
184,제주,2007-10,18.3,60,167.5,374.13
184,제주,2007-11,12,51,2.6,263.53
184,제주,2007-12,9.6,59,92.7,69.88
184,제주,2008-01,6.4,61,156.8,150.44
184,제주,2008-02,5.1,52,31,241.51
184,제주,2008-03,10,59,77.5,443.08
184,제주,2008-04,14.2,61,85.7,541.42
184,제주,2008-05,17.2,63,135,631.31
184,제주,2008-06,20.8,77,260.5,414.9
184,제주,2008-07,27.2,72,61.5,659.78
184,제주,2008-08,26.7,71,243.7,549.76
184,제주,2008-09,23.9,73,126.3,406.25
184,제주,2008-10,19.3,63,29.3,407.78
184,제주,2008-11,13,59,73.3,215.76
184,제주,2008-12,8.4,56,28.2,194.77
184,제주,2009-01,5.5,60,61.7,161.68
184,제주,2009-02,8.7,62,113.7,262.19
184,제주,2009-03,9.8,54,50.9,435.51
184,제주,2009-04,13.7,57,94.4,577.2
184,제주,2009-05,18.6,56,52.2,697.61
184,제주,2009-06,22.6,66,155.8,623.8
184,제주,2009-07,25.8,71,201.1,574.58
184,제주,2009-08,25.6,74,240.5,486.66
184,제주,2009-09,22.9,71,113.3,443.06
184,제주,2009-10,19,55,77.4,446.96
184,제주,2009-11,12.4,62,115.3,191.44
184,제주,2009-12,7.3,62,28.5,164.43
184,제주,2010-01,5.3,63,34.6,195.65
184,제주,2010-02,7.3,66,81.7,244.92
184,제주,2010-03,9.3,65,161.3,335.36
184,제주,2010-04,11.8,62,210.5,461.62
184,제주,2010-05,17.3,66,33.6,644.65
184,제주,2010-06,21.2,75,188,505.25
184,제주,2010-07,25.9,76,263.9,574.45
184,제주,2010-08,28.8,71,227.6,611.42
184,제주,2010-09,24.2,71,179.1,452.24
184,제주,2010-10,17.6,65,120.3,367.73
184,제주,2010-11,11.7,56,1.8,289
184,제주,2010-12,7.1,62,82.5,195.1
184,제주,2011-01,2.3,63,15.6,147.22
184,제주,2011-02,7,66,35.1,282.91
184,제주,2011-03,7.8,55,32.4,499.77
184,제주,2011-04,13.2,63,51.3,618.3
184,제주,2011-05,18.2,73,66.1,594.13
184,제주,2011-06,21.7,83,398.6,499.06
184,제주,2011-07,27.3,75,68.3,637.43
184,제주,2011-08,26,82,423.1,507.37
184,제주,2011-09,23.1,71,47.8,500.14
184,제주,2011-10,17.9,62,49.1,413.34
184,제주,2011-11,15.7,70,231.3,215.28
184,제주,2011-12,7.1,61,59.9,138.85
184,제주,2012-01,5.4,59,32.9,166.36
184,제주,2012-02,4.8,65,109.1,211.18
184,제주,2012-03,9,62,171.9,412.49
184,제주,2012-04,14.5,62,165,549.17
184,제주,2012-05,19,66,99,658.07
184,제주,2012-06,22.3,80,104.8,507.22
184,제주,2012-07,26.6,85,207.3,524.25
184,제주,2012-08,27.8,84,601.9,501.33
184,제주,2012-09,22,81,499.1,447.1
184,제주,2012-10,18.4,69,35.7,418.53
184,제주,2012-11,12,68,90.6,227.01
184,제주,2012-12,6.6,74,131,138.02
184,제주,2013-01,5.6,70,20.5,192.54
184,제주,2013-02,6.2,71,60.5,245.5
184,제주,2013-03,10,71,55.2,438.73
184,제주,2013-04,13.5,66,94.5,524.17
184,제주,2013-05,18.6,78,59.7,608.53
184,제주,2013-06,21.7,91,160.5,433.11
184,제주,2013-07,28.7,72,14.7,637.07
184,제주,2013-08,29.1,74,74.2,618.95
184,제주,2013-09,24,74,82.1,475.16
184,제주,2013-10,19.2,72,113.3,351.95
184,제주,2013-11,12.9,65,82.1,255.98
184,제주,2013-12,8.1,61,41.8,181.75
184,제주,2014-01,6.8,60,50.2,259.24
184,제주,2014-02,7.5,69,137.5,221.59
184,제주,2014-03,10.7,64,88.4,420.21
184,제주,2014-04,14.8,65,52.3,498.81
184,제주,2014-05,19.1,63,86.7,682.63
184,제주,2014-06,21.8,79,65.4,529.41
184,제주,2014-07,25.1,82,288.7,468.17
184,제주,2014-08,25.1,84,460.3,384.21
184,제주,2014-09,23.5,75,93.5,429.36
184,제주,2014-10,19.1,70,92.9,396.31
184,제주,2014-11,13.9,68,100.3,242.51
184,제주,2014-12,7.3,64,47.2,163.23
184,제주,2015-01,7.4,66,82.4,203.06
184,제주,2015-02,7.3,64,35.5,229.42
184,제주,2015-03,10.4,64,80.7,448.34
184,제주,2015-04,15.1,71,147.9,457.56
184,제주,2015-05,18.8,68,150,660.45
184,제주,2015-06,22,80,186.4,479.34
184,제주,2015-07,25.6,81,329.7,593.93
184,제주,2015-08,26.4,78,248.6,530.07
184,제주,2015-09,23.2,73,172.9,494.55
184,제주,2015-10,19.2,64,31,455.29
184,제주,2015-11,15.2,76,173.2,165.46
184,제주,2015-12,10,66,90,143.71
184,제주,2016-01,6.1,66,125.6,132.75
184,제주,2016-02,7.3,60,40,268.97
184,제주,2016-03,10.8,63,96.9,479.48
184,제주,2016-04,15.6,74,121.4,483.09
184,제주,2016-05,18.9,71,113,591.9
184,제주,2016-06,22.2,83,162.7,451.38
184,제주,2016-07,27.4,80,98.6,610.55
184,제주,2016-08,28.5,74,75.6,631.34
184,제주,2016-09,23.9,80,172.3,367.08
184,제주,2016-10,20.1,76,282.4,276.31
184,제주,2016-11,13.7,69,71.3,247.4
184,제주,2016-12,9.5,67,56.6,203.16
184,제주,2017-01,6.6,66,50.7,201.43
184,제주,2017-02,6.8,61,39.1,307.85
184,제주,2017-03,9.8,60,48.2,433.79
184,제주,2017-04,15.7,64,51.4,545.76
184,제주,2017-05,19.5,64,38.5,682.11
184,제주,2017-06,22,77,60.7,584.91
184,제주,2017-07,29.2,76,35.2,617.2
184,제주,2017-08,28.7,74,159.5,619.22
184,제주,2017-09,24,71,83.4,414.01
184,제주,2017-10,19.3,72,162,316.02
184,제주,2017-11,12.6,64,19.2,288.3
184,제주,2017-12,7.2,61,25.4,183.32
184,제주,2018-01,4.9,67,58,184.41
184,제주,2018-02,5.5,60,86.6,286.47
184,제주,2018-03,11.4,72,118,450.58
184,제주,2018-04,15.9,68,112.5,550.16
184,제주,2018-05,19.1,76,98.8,543.09
184,제주,2018-06,22.3,79,211.1,576.1
184,제주,2018-07,27.3,81,48.7,632.09
184,제주,2018-08,28.8,78,376.5,613.7
184,제주,2018-09,23.9,75,187.7,386.19
184,제주,2018-10,17.9,64,347,371.85
184,제주,2018-11,13.9,65,28.6,294.87
184,제주,2018-12,8.7,68,96,155.8
184,제주,2019-01,6.4,64,24.2,222.25
184,제주,2019-02,7.4,63,37.9,262.06
184,제주,2019-03,10.8,63,55.5,464.14
184,제주,2019-04,14.7,68,46.4,523.03
184,제주,2019-05,20,56,42.8,682.44
184,제주,2019-06,21.5,80,145.8,594.51
184,제주,2019-07,25.2,85,510.1,536.39
184,제주,2019-08,27.7,77,242.3,519.94
184,제주,2019-09,24,84,610.6,369.79
184,제주,2019-10,19.7,69,188.6,368.14
184,제주,2019-11,14.6,65,27.5,289.92
184,제주,2019-12,9.7,64,48.2,174.39
184,제주,2020-01,8.9,66,116.7,163.1
184,제주,2020-02,9.1,66,29.8,283.9
184,제주,2020-03,11.5,63,81.6,463.7
184,제주,2020-04,13.2,56,82.3,631.61
184,제주,2020-05,18.8,74,20.6,614.98
184,제주,2020-06,22.4,83,221.5,514.61
184,제주,2020-07,24.2,85,184.7,466.66
184,제주,2020-08,29.4,74,140.4,609.75
184,제주,2020-09,22.9,76,400.5,376.53
184,제주,2020-10,18.4,61,53.7,404.97
184,제주,2020-11,14.1,65,28.2,268.92
184,제주,2020-12,7.7,61,29.5,205.64
184,제주,2021-01,6.8,65,116.6,216.43
184,제주,2021-02,9.4,62,52.8,311.14
184,제주,2021-03,12.5,68,81.1,453.55
184,제주,2021-04,15.4,63,58.8,589.31
184,제주,2021-05,19,68,100.7,645.53
184,제주,2021-06,23.4,75,122.4,604.98
184,제주,2021-07,27.8,78,247.1,551.05
184,제주,2021-08,27.3,79,227.8,500.53
184,제주,2021-09,24.9,84,493.1,368.49
184,제주,2021-10,20.1,73,32.1,398.98
184,제주,2021-11,14,66,63.8,273.16
184,제주,2021-12,8.9,67,31.4,167
184,제주,2022-01,6.2,68,33.6,193.02
184,제주,2022-02,5.6,62,25.1,253.06
184,제주,2022-03,11.4,70,96.1,409.19
184,제주,2022-04,15.5,70,84,599.27
184,제주,2022-05,19.4,65,9.1,653.49
184,제주,2022-06,23.9,81,143.6,611.4
184,제주,2022-07,28.4,80,149,622.55
184,제주,2022-08,29.2,75,124.3,598.05
184,제주,2022-09,24.1,79,265.8,362.34
184,제주,2022-10,18.4,69,22.1,410.5
184,제주,2022-11,15.2,71,87.8,271.26
184,제주,2022-12,6.9,66,35.3,137.02
184,제주,2023-01,6.8,68,42.1,182.43
184,제주,2023-02,7.7,71,89.6,266.67
184,제주,2023-03,12.3,66,49.6,472.5
184,제주,2023-04,15.5,69,62.1,514.91
184,제주,2023-05,19.1,77,269.3,523.18
184,제주,2023-06,23.4,76,213,519.52
184,제주,2023-07,28.1,75,273.2,487.49
184,제주,2023-08,28.8,73,182.5,609.82
184,제주,2023-09,25.5,71,84.5,483.91
184,제주,2023-10,19.4,60,36,464.83
184,제주,2023-11,13.7,60,69.1,238.2
184,제주,2023-12,9.4,66,73.9,148.86
184,제주,2024-01,7.8,64,93.4,176.86
184,제주,2024-02,9.5,71,205.4,152.32
184,제주,2024-03,10.9,62,98.1,409.42
184,제주,2024-04,16.4,71,80.2,417.26
184,제주,2024-05,19.1,63,42.9,677.83
184,제주,2024-06,23.1,73,271.8,477.43
184,제주,2024-07,28.9,73,156,554.79
184,제주,2024-08,29.9,72,47,632.4
184,제주,2024-09,27.6,73,126.2,442.14
184,제주,2024-10,20.9,69,135.2,262.58
184,제주,2024-11,15.1,65,335.7,237.93
184,제주,2024-12,8.7,54,5.8,169.61
184,제주,2025-01,6.7,56,25.4,219.4
184,제주,2025-02,5.2,59,61.4,229.45
184,제주,2025-03,11.5,57,82.5,394.06
184,제주,2025-04,15.4,58,23.9,625.63
184,제주,2025-05,18,66,81.8,571.77
184,제주,2025-06,23.4,70,85.1,606.8
184,제주,2025-07,28.3,72,141.9,650.5
184,제주,2025-08,29.6,71,72.1,598.72
184,제주,2025-09,27.1,74,326.6,419.96
184,제주,2025-10,21.9,68,93.4,344.23
